sample,amplicon,frac,cooc,count,mut_all,mut_oneless,omxbb15,ombba286
davos_20240116,1,9.73699300018392e-05,2,92431,9,93101,1.0,
davos_20240116,2,0.00041186161449752884,2,2428,1,2480,1.0,
davos_20240116,33,0.036876223091976516,1,16352,603,0,1.0,
davos_20240116,52,0.0034720475016353845,2,79492,276,89119,1.0,
davos_20240116,71,1.0,2,98,98,0,1.0,
davos_20240116,72,0.0,3,5,0,105,1.0,
davos_20240116,73,0.0,5,6712,0,65,1.0,
davos_20240116,74,0.0,2,2300,0,0,1.0,
davos_20240116,75,0.0,8,2786,0,0,1.0,
davos_20240116,76,0.0,11,49,0,0,1.0,
davos_20240116,77,0.0,8,53,0,0,1.0,
davos_20240116,78,0.0002128293534244243,4,23493,5,23830,1.0,
davos_20240116,79,3.765769158350593e-05,3,26555,1,26543,1.0,
davos_20240116,81,1.0,2,151,151,2,1.0,
davos_20240116,85,0.10437854111846004,2,42183,4403,38019,1.0,
davos_20240116,87,0.0002333177788147457,3,12858,3,12847,1.0,
davos_20240116,89,0.9989059080962801,2,5484,5478,4051,1.0,
davos_20240116,93,0.0348014009985841,2,40257,1401,39435,1.0,
davos_20240116,14,0.9996576905522593,2,8764,8761,162,1.0,1.0
davos_20240116,31,1.0,3,1830,1830,52,1.0,1.0
davos_20240116,34,0.9996848242895414,2,38074,38062,626,1.0,1.0
davos_20240116,35,0.9997087095834547,2,37763,37752,12,1.0,1.0
davos_20240116,66,0.9997932389124367,2,29019,29013,516,1.0,1.0
davos_20240116,91,0.9996594005449592,2,2936,2935,15801,1.0,1.0
davos_20240116,94,0.9990515804157736,3,235128,234905,30609,1.0,1.0
davos_20240116,95,0.9977966635190432,3,3177,3170,260057,1.0,1.0
davos_20240116,99,0.9997582491316703,2,202688,202639,264853,1.0,1.0
davos_20240116,3,0.9997394136807818,2,122800,122768,1566,,1.0
davos_20240116,12,0.0,2,15,0,5653,,1.0
davos_20240116,37,0.9998930195239368,1,18695,18693,0,,1.0
davos_20240116,42,0.9994825087973505,3,9662,9657,45,,1.0
davos_20240116,52,0.9741299088032757,2,10746,10468,78934,,1.0
davos_20240116,71,1.0,4,98,98,0,,1.0
davos_20240116,72,1.0,6,5,5,0,,1.0
davos_20240116,73,0.0,7,6711,0,6478,,1.0
davos_20240116,74,0.9995458673932789,5,2202,2201,99,,1.0
davos_20240116,75,0.930441018286124,9,2789,2595,6,,1.0
davos_20240116,76,0.02040816326530612,16,49,1,48,,1.0
davos_20240116,77,0.018867924528301886,9,53,1,52,,1.0
davos_20240116,78,0.9990065926126614,6,22146,22124,1730,,1.0
davos_20240116,79,0.9994351346262474,3,26555,26540,198,,1.0
davos_20240116,81,1.0,3,151,151,2,,1.0
davos_20240116,83,0.9993765586034913,2,12832,12824,43,,1.0
davos_20240116,87,0.999377819256494,2,12858,12850,944,,1.0
davos_20240116,88,0.9992376111817026,3,3935,3932,57,,1.0
davos_20240116,89,0.9983311700352309,4,5393,5384,141,,1.0
davos_20240116,92,0.9745583038869258,2,1415,1379,576,,1.0
davos_20240116,93,0.9649109919439751,2,40839,39406,1439,,1.0
davos_20240116,97,0.9982465687163674,2,66156,66040,235,,1.0
davos_20240122,1,5.102604879791133e-05,2,235174,12,236581,1.0,
davos_20240122,2,0.0008928571428571428,2,1120,1,1176,1.0,
davos_20240122,33,0.04940907357987038,1,52460,2592,0,1.0,
davos_20240122,52,1.8370871146709777e-05,2,217736,4,241799,1.0,
davos_20240122,71,0.9989333333333333,2,1875,1873,2,1.0,
davos_20240122,72,0.0,3,96,0,1961,1.0,
davos_20240122,73,0.0,5,55674,0,0,1.0,
davos_20240122,74,0.0,2,32929,0,1,1.0,
davos_20240122,75,0.0,8,18090,0,4,1.0,
davos_20240122,76,0.0,11,737,0,0,1.0,
davos_20240122,77,0.0,8,782,0,0,1.0,
davos_20240122,78,6.4263222157959e-05,4,62244,4,55899,1.0,
davos_20240122,79,8.472422265525714e-05,3,35409,3,35392,1.0,
davos_20240122,81,0.9983633387888707,2,611,610,4,1.0,
davos_20240122,85,2.0924879681941827e-05,2,95580,2,96084,1.0,
davos_20240122,87,8.059316569954868e-05,3,24816,2,24809,1.0,
davos_20240122,89,0.9991134176667748,2,46245,46204,49616,1.0,
davos_20240122,93,1.8780048076923078e-05,2,159744,3,161473,1.0,
davos_20240122,14,0.9996140326693777,2,72545,72517,1068,1.0,1.0
davos_20240122,31,0.999475851740921,3,13355,13348,293,1.0,1.0
davos_20240122,34,0.9995713181202299,2,130633,130577,2688,1.0,1.0
davos_20240122,35,0.9996071755925101,2,129829,129778,52,1.0,1.0
davos_20240122,66,0.9997972621576595,2,113447,113424,8044,1.0,1.0
davos_20240122,91,0.9983375448862881,2,15038,15013,98713,1.0,1.0
davos_20240122,94,0.9980024377031419,3,443040,442155,54712,1.0,1.0
davos_20240122,95,0.9981485767183522,3,4321,4313,488192,1.0,1.0
davos_20240122,99,0.9997390744359567,2,360256,360162,459298,1.0,1.0
davos_20240122,3,0.9997600128993067,2,266681,266617,2998,,1.0
davos_20240122,12,0.0,2,91,0,38464,,1.0
davos_20240122,37,0.9998097533134631,1,63076,63064,0,,1.0
davos_20240122,42,0.9996189582905882,3,34117,34104,115,,1.0
davos_20240122,52,0.9996498354226486,2,42837,42822,199006,,1.0
davos_20240122,71,0.9984,4,1875,1872,3,,1.0
davos_20240122,72,0.9895833333333334,6,96,95,1,,1.0
davos_20240122,73,0.0,7,55627,0,55309,,1.0
davos_20240122,74,0.9987582267477959,5,32212,32172,771,,1.0
davos_20240122,75,0.9982343853453983,9,18124,18092,56,,1.0
davos_20240122,76,0.994572591587517,16,737,733,12,,1.0
davos_20240122,77,0.9936061381074168,9,782,777,5,,1.0
davos_20240122,78,0.8870962297903939,6,59254,52564,10032,,1.0
davos_20240122,79,0.9994916546640684,3,35409,35391,380,,1.0
davos_20240122,81,0.9983633387888707,3,611,610,4,,1.0
davos_20240122,83,0.9997556074512572,2,36826,36817,108,,1.0
davos_20240122,87,0.9997582302453963,2,24817,24811,9774,,1.0
davos_20240122,88,0.9991992115313539,3,48702,48663,770,,1.0
davos_20240122,89,0.99884732492388,4,45980,45927,575,,1.0
davos_20240122,92,0.999457111834962,2,3684,3682,1916,,1.0
davos_20240122,93,0.9997832736819944,2,161494,161459,51,,1.0
davos_20240122,97,0.9984870223033782,2,76670,76554,215,,1.0
schanf_20240108,1,,,0,0,0,1.0,
schanf_20240108,2,0.0,2,4,0,4,1.0,
schanf_20240108,33,0.09550561797752809,1,178,17,0,1.0,
schanf_20240108,52,0.0025747229374230383,2,8933,23,9965,1.0,
schanf_20240108,71,,,0,0,0,1.0,
schanf_20240108,72,1.0,3,583,583,1,1.0,
schanf_20240108,73,,,0,0,0,1.0,
schanf_20240108,74,0.36363636363636365,2,11,4,0,1.0,
schanf_20240108,75,0.0,8,7,0,0,1.0,
schanf_20240108,76,0.0,11,2,0,2,1.0,
schanf_20240108,77,0.0,8,2,0,2,1.0,
schanf_20240108,78,0.47757255936675463,4,758,362,396,1.0,
schanf_20240108,79,,,0,0,0,1.0,
schanf_20240108,81,1.0,2,2,2,0,1.0,
schanf_20240108,85,0.0,2,34,0,34,1.0,
schanf_20240108,87,0.1282420749279539,3,694,89,605,1.0,
schanf_20240108,89,1.0,2,57,57,2,1.0,
schanf_20240108,93,0.0,2,81,0,127,1.0,
schanf_20240108,14,,,0,0,0,1.0,1.0
schanf_20240108,31,1.0,3,11,11,0,1.0,1.0
schanf_20240108,34,1.0,2,1,1,17,1.0,1.0
schanf_20240108,35,1.0,2,1,1,0,1.0,1.0
schanf_20240108,66,0.9995353159851301,2,4304,4302,13,1.0,1.0
schanf_20240108,91,1.0,2,11,11,44,1.0,1.0
schanf_20240108,94,0.998750554852286,3,60827,60751,9325,1.0,1.0
schanf_20240108,95,0.9966666666666667,3,300,299,69329,1.0,1.0
schanf_20240108,99,0.9997251374312843,2,40020,40009,112303,1.0,1.0
schanf_20240108,3,0.3890506697728596,2,1717,668,1074,,1.0
schanf_20240108,12,0.3870967741935484,1,31,12,0,,1.0
schanf_20240108,37,1.0,1,52,52,0,,1.0
schanf_20240108,42,1.0,3,100,100,0,,1.0
schanf_20240108,52,0.9508547008547008,2,468,445,9543,,1.0
schanf_20240108,71,,,0,0,0,,1.0
schanf_20240108,72,0.0,6,582,0,0,,1.0
schanf_20240108,73,0.0,1,582,0,0,,1.0
schanf_20240108,74,0.6363636363636364,5,11,7,0,,1.0
schanf_20240108,75,1.0,9,7,7,0,,1.0
schanf_20240108,76,0.0,16,2,0,0,,1.0
schanf_20240108,77,0.0,9,2,0,0,,1.0
schanf_20240108,78,0.5234899328859061,6,745,390,6,,1.0
schanf_20240108,79,,,0,0,0,,1.0
schanf_20240108,81,1.0,3,2,2,0,,1.0
schanf_20240108,83,0.7539608574091333,2,1073,809,265,,1.0
schanf_20240108,87,0.9985590778097982,2,694,693,15,,1.0
schanf_20240108,88,,,0,0,0,,1.0
schanf_20240108,89,0.10526315789473684,4,57,6,0,,1.0
schanf_20240108,92,,,0,0,0,,1.0
schanf_20240108,93,1.0,2,82,82,0,,1.0
schanf_20240108,97,1.0,2,284,284,1,,1.0
davos_20240118,1,0.04665716952399666,2,101785,4749,97902,1.0,
davos_20240118,2,0.0,2,1564,0,6258,1.0,
davos_20240118,33,0.11936704506363949,1,11628,1388,0,1.0,
davos_20240118,52,0.005378137668193168,2,98919,532,111958,1.0,
davos_20240118,71,1.0,2,130,130,0,1.0,
davos_20240118,72,0.9214340198321892,3,1311,1208,227,1.0,
davos_20240118,73,0.0,5,12805,0,239,1.0,
davos_20240118,74,0.0551937479648323,2,6142,339,278,1.0,
davos_20240118,75,0.020360087497896685,8,5943,121,32,1.0,
davos_20240118,76,0.0,11,200,0,36,1.0,
davos_20240118,77,0.0,8,233,0,41,1.0,
davos_20240118,78,0.0903515625,4,25600,2313,23826,1.0,
davos_20240118,79,4.5597555970999955e-05,3,21931,1,21917,1.0,
davos_20240118,81,1.0,2,147,147,0,1.0,
davos_20240118,85,0.11080288076820485,2,37490,4154,33590,1.0,
davos_20240118,87,0.03537621359223301,3,16480,583,15888,1.0,
davos_20240118,89,0.9990961327393634,2,15489,15475,5539,1.0,
davos_20240118,93,0.03511090679232272,2,34804,1222,34660,1.0,
davos_20240118,14,0.9997079439252337,2,10272,10269,264,1.0,1.0
davos_20240118,31,0.9990592662276576,3,2126,2124,89,1.0,1.0
davos_20240118,34,0.9997215683296631,2,39507,39496,550,1.0,1.0
davos_20240118,35,0.999744832865527,2,39190,39180,11,1.0,1.0
davos_20240118,66,0.9998448138736397,2,51551,51543,1654,1.0,1.0
davos_20240118,91,1.0,2,3153,3153,18532,1.0,1.0
davos_20240118,94,0.9990768182151532,3,231807,231593,30197,1.0,1.0
davos_20240118,95,0.9983673469387755,3,4900,4892,255481,1.0,1.0
davos_20240118,99,0.9997355717492237,2,162615,162572,242850,1.0,1.0
davos_20240118,3,0.9356082831732385,2,151681,141914,11945,,1.0
davos_20240118,12,0.0,2,407,0,10262,,1.0
davos_20240118,37,0.9819337968740715,1,16827,16523,0,,1.0
davos_20240118,42,0.8450154162384378,3,9730,8222,1539,,1.0
davos_20240118,52,0.9484644913627639,2,10420,9883,102620,,1.0
davos_20240118,71,0.9923076923076923,4,130,129,0,,1.0
davos_20240118,72,0.07621951219512195,6,1312,100,0,,1.0
davos_20240118,73,0.0,7,12791,0,11869,,1.0
davos_20240118,74,0.9102282333051563,5,5915,5384,267,,1.0
davos_20240118,75,0.9633982538616521,9,5956,5738,101,,1.0
davos_20240118,76,0.82,16,200,164,4,,1.0
davos_20240118,77,0.8240343347639485,9,233,192,0,,1.0
davos_20240118,78,0.8884932696482849,6,23030,20462,3231,,1.0
davos_20240118,79,0.999224841548493,3,21931,21914,271,,1.0
davos_20240118,81,1.0,3,147,147,0,,1.0
davos_20240118,83,0.9997052581938222,2,16964,16959,75,,1.0
davos_20240118,87,0.9993325242718447,2,16480,16469,1059,,1.0
davos_20240118,88,0.9996164908916587,3,5215,5213,133,,1.0
davos_20240118,89,0.6251148746225548,4,15234,9523,918,,1.0
davos_20240118,92,0.9702868852459017,2,1952,1894,829,,1.0
davos_20240118,93,0.9641603032160972,2,35882,34596,1293,,1.0
davos_20240118,97,0.9650665948109939,2,51956,50141,1943,,1.0
schanf_20240119,1,2.2886961298148445e-05,2,43693,1,44020,1.0,
schanf_20240119,2,0.0,2,204,0,208,1.0,
schanf_20240119,33,0.012747309554020396,1,85116,1085,0,1.0,
schanf_20240119,52,0.038973533520199076,2,108099,4213,117627,1.0,
schanf_20240119,71,1.0,2,196,196,0,1.0,
schanf_20240119,72,1.0,2,194,194,0,1.0,
schanf_20240119,73,0.0,5,57064,0,0,1.0,
schanf_20240119,74,0.0,2,7081,0,1,1.0,
schanf_20240119,75,0.0,8,81980,0,16,1.0,
schanf_20240119,76,0.9981903946146143,3,82891,82741,157,1.0,
schanf_20240119,77,,,0,0,0,1.0,
schanf_20240119,78,0.00010002000400080016,4,19996,2,20073,1.0,
schanf_20240119,79,7.490024648990209e-05,3,146862,11,146754,1.0,
schanf_20240119,81,1.0,2,336,336,0,1.0,
schanf_20240119,85,0.0,2,26778,0,26912,1.0,
schanf_20240119,87,0.00026350461133069827,3,3795,1,3794,1.0,
schanf_20240119,89,1.0,2,88,88,3254,1.0,
schanf_20240119,93,4.3787629994526544e-05,2,45675,2,51716,1.0,
schanf_20240119,14,0.9996970614965162,2,26408,26400,520,1.0,1.0
schanf_20240119,31,0.9997685988661345,3,8643,8641,95,1.0,1.0
schanf_20240119,34,0.999837925445705,2,12340,12338,1094,1.0,1.0
schanf_20240119,35,0.9998375304630381,2,12310,12308,3,1.0,1.0
schanf_20240119,66,0.9998444659799242,2,250749,250710,7992,1.0,1.0
schanf_20240119,91,0.9993575742001799,2,15566,15556,22250,1.0,1.0
schanf_20240119,94,0.9988762165300479,3,508105,507534,61897,1.0,1.0
schanf_20240119,95,0.9977511244377811,3,2668,2662,561995,1.0,1.0
schanf_20240119,99,0.9997083898442637,2,363499,363393,610072,1.0,1.0
schanf_20240119,3,0.99962,2,100000,99962,1259,,1.0
schanf_20240119,12,0.0,2,1,0,1657,,1.0
schanf_20240119,37,0.9999215732407898,1,51003,50999,0,,1.0
schanf_20240119,42,0.9998790517658442,3,8268,8267,24,,1.0
schanf_20240119,52,0.4739869934967484,2,7996,3790,118051,,1.0
schanf_20240119,71,1.0,4,196,196,0,,1.0
schanf_20240119,72,0.0,5,193,0,194,,1.0
schanf_20240119,73,0.0,7,57034,0,56813,,1.0
schanf_20240119,74,0.9992917847025495,5,7060,7055,28,,1.0
schanf_20240119,75,0.9975896867810146,9,82147,81949,354,,1.0
schanf_20240119,76,0.9981903946146143,3,82891,82741,157,,1.0
schanf_20240119,77,0.9959113000694307,2,116663,116186,1175,,1.0
schanf_20240119,78,0.999189298743413,6,19736,19720,393,,1.0
schanf_20240119,79,0.9991556699486592,3,146862,146738,802,,1.0
schanf_20240119,81,1.0,3,336,336,0,,1.0
schanf_20240119,83,0.9996242120861901,2,141037,140984,543,,1.0
schanf_20240119,87,1.0,2,3795,3795,837,,1.0
schanf_20240119,88,0.9996900185988841,3,3226,3225,29,,1.0
schanf_20240119,89,0.7954545454545454,4,88,70,0,,1.0
schanf_20240119,92,1.0,2,150,150,43,,1.0
schanf_20240119,93,0.9996505787289801,2,45790,45774,30,,1.0
schanf_20240119,97,0.706059439213078,2,28567,20170,8423,,1.0
schanf_20240116,1,3.231957596716331e-05,2,92823,3,93523,1.0,
schanf_20240116,2,0.0,2,1027,0,1036,1.0,
schanf_20240116,33,0.005512166784999677,1,77465,427,0,1.0,
schanf_20240116,52,0.00320466670358679,2,270855,868,304951,1.0,
schanf_20240116,71,1.0,2,149,149,0,1.0,
schanf_20240116,72,1.0,2,149,149,0,1.0,
schanf_20240116,73,0.0,5,97286,0,4996,1.0,
schanf_20240116,74,0.0,2,13123,0,0,1.0,
schanf_20240116,75,4.8835278605264445e-05,8,61431,3,11621,1.0,
schanf_20240116,76,0.0,11,4147,0,0,1.0,
schanf_20240116,77,0.0,8,4308,0,0,1.0,
schanf_20240116,78,0.0001837412005190689,4,87079,16,87812,1.0,
schanf_20240116,79,0.000597539939344059,3,88697,53,88588,1.0,
schanf_20240116,81,1.0,2,23,23,0,1.0,
schanf_20240116,85,0.0,2,43353,0,43588,1.0,
schanf_20240116,87,0.23982655103402267,3,8994,2157,6840,1.0,
schanf_20240116,89,0.9987338644926194,2,32382,32341,18527,1.0,
schanf_20240116,93,0.10468488517781886,2,114133,11948,102652,1.0,
schanf_20240116,14,0.9998940621854971,2,18879,18877,316,1.0,1.0
schanf_20240116,31,0.9989660520420472,3,5803,5797,65,1.0,1.0
schanf_20240116,34,0.9998089962754274,2,20942,20938,440,1.0,1.0
schanf_20240116,35,0.9998560944020722,2,20847,20844,3,1.0,1.0
schanf_20240116,66,0.9997964761295575,2,103182,103161,6499,1.0,1.0
schanf_20240116,91,0.9992179353493222,2,30688,30664,116051,1.0,1.0
schanf_20240116,94,0.9990434746047763,3,285408,285135,44147,1.0,1.0
schanf_20240116,95,0.9987468671679198,3,3990,3985,322228,1.0,1.0
schanf_20240116,99,0.9997271815210951,2,340886,340793,667659,1.0,1.0
schanf_20240116,3,0.9997408742676881,2,177520,177474,2427,,1.0
schanf_20240116,12,0.0,2,3,0,8835,,1.0
schanf_20240116,37,0.9998206792669369,1,27883,27878,0,,1.0
schanf_20240116,42,0.8566789833165379,3,26793,22953,3945,,1.0
schanf_20240116,52,0.9644172772537748,2,24703,23824,282013,,1.0
schanf_20240116,71,1.0,4,149,149,0,,1.0
schanf_20240116,72,0.0,5,146,0,149,,1.0
schanf_20240116,73,0.0,7,97220,0,90424,,1.0
schanf_20240116,74,0.9989127058092575,5,12876,12862,260,,1.0
schanf_20240116,75,0.9980337991550211,9,61540,61419,218,,1.0
schanf_20240116,76,0.9963829274174102,16,4147,4132,40,,1.0
schanf_20240116,77,0.9988393686165274,9,4308,4303,6,,1.0
schanf_20240116,78,0.9990476974264317,6,85057,84976,2968,,1.0
schanf_20240116,79,0.9986470793826172,3,88697,88577,765,,1.0
schanf_20240116,81,1.0,3,23,23,0,,1.0
schanf_20240116,83,0.9996939173020202,2,35938,35927,113,,1.0
schanf_20240116,87,0.9996664442961974,2,8994,8991,1862,,1.0
schanf_20240116,88,0.8003708281829419,3,17798,14245,174,,1.0
schanf_20240116,89,0.1289644513137558,4,32350,4172,168,,1.0
schanf_20240116,92,0.8588351431391905,2,1013,870,958,,1.0
schanf_20240116,93,0.8953838631660744,2,114533,102551,12007,,1.0
schanf_20240116,97,0.787217290317501,2,50803,39993,10872,,1.0
schanf_20240115,1,5.548696749850879e-05,2,144178,8,145220,1.0,
schanf_20240115,2,0.0,2,1104,0,1123,1.0,
schanf_20240115,33,0.008245521938978016,1,78103,644,0,1.0,
schanf_20240115,52,0.003294259353991387,2,275631,908,308735,1.0,
schanf_20240115,71,1.0,2,6,6,0,1.0,
schanf_20240115,72,0.0,3,5,0,11,1.0,
schanf_20240115,73,0.0,5,104379,0,0,1.0,
schanf_20240115,74,0.0,2,20341,0,0,1.0,
schanf_20240115,75,0.0,8,88594,0,25,1.0,
schanf_20240115,76,0.0,11,1,0,0,1.0,
schanf_20240115,77,0.0,8,1,0,0,1.0,
schanf_20240115,78,0.0001085052625052315,4,64513,7,65157,1.0,
schanf_20240115,79,0.0,3,54122,0,54091,1.0,
schanf_20240115,81,0.996309963099631,2,271,270,1,1.0,
schanf_20240115,85,3.2330373308043797e-05,2,92792,3,93353,1.0,
schanf_20240115,87,3.5923411287135827e-05,3,27837,1,27829,1.0,
schanf_20240115,89,0.9986769570011025,2,4535,4529,21179,1.0,
schanf_20240115,93,1.2534941148451307e-05,2,79777,1,80888,1.0,
schanf_20240115,14,0.9996986943421493,2,29870,29861,534,1.0,1.0
schanf_20240115,31,0.9995075710944232,3,8123,8119,103,1.0,1.0
schanf_20240115,34,0.9997403149271702,2,42359,42348,681,1.0,1.0
schanf_20240115,35,0.9997389839356476,2,42143,42132,11,1.0,1.0
schanf_20240115,66,0.9997741622832194,2,212542,212494,9143,1.0,1.0
schanf_20240115,91,0.9993101218066185,2,46385,46353,128884,1.0,1.0
schanf_20240115,94,0.9989624211078358,3,442376,441917,51714,1.0,1.0
schanf_20240115,95,0.9986753212346006,3,7549,7539,480288,1.0,1.0
schanf_20240115,99,0.9997762534600804,2,312854,312784,776168,1.0,1.0
schanf_20240115,3,0.9997403694369825,2,288872,288797,3841,,1.0
schanf_20240115,12,0.0,2,433,0,22596,,1.0
schanf_20240115,37,0.8029207910299073,1,47179,37881,0,,1.0
schanf_20240115,42,0.999345423741866,3,25971,25954,96,,1.0
schanf_20240115,52,0.9755322529393072,2,37764,36840,272846,,1.0
schanf_20240115,71,1.0,4,6,6,0,,1.0
schanf_20240115,72,1.0,6,5,5,0,,1.0
schanf_20240115,73,0.0,7,104323,0,103868,,1.0
schanf_20240115,74,0.9989978453675402,5,19957,19937,408,,1.0
schanf_20240115,75,0.9980284133797501,9,88761,88586,342,,1.0
schanf_20240115,76,1.0,16,1,1,0,,1.0
schanf_20240115,77,1.0,9,1,1,0,,1.0
schanf_20240115,78,0.999169766736385,6,62633,62581,2687,,1.0
schanf_20240115,79,0.9992609290122316,3,54122,54082,597,,1.0
schanf_20240115,81,0.9962962962962963,3,270,269,2,,1.0
schanf_20240115,83,0.999609004077529,2,107418,107376,356,,1.0
schanf_20240115,87,0.9997126230332639,2,27838,27830,2982,,1.0
schanf_20240115,88,0.9206235697940504,3,20976,19311,194,,1.0
schanf_20240115,89,0.9982293050022134,4,4518,4510,48,,1.0
schanf_20240115,92,0.9991961414790996,2,2488,2486,1163,,1.0
schanf_20240115,93,0.9996786314644517,2,80904,80878,40,,1.0
schanf_20240115,97,0.9984030519451714,2,67629,67521,237,,1.0
davos_20240110,1,0.10954877314794623,2,114643,12559,102854,1.0,
davos_20240110,2,0.0,2,436,0,12746,1.0,
davos_20240110,33,0.09563436179746511,1,7811,747,0,1.0,
davos_20240110,52,0.003221455416890379,2,76363,246,85332,1.0,
davos_20240110,71,1.0,2,48,48,0,1.0,
davos_20240110,72,0.0,3,8,0,56,1.0,
davos_20240110,73,0.0,5,6056,0,0,1.0,
davos_20240110,74,0.0,2,3378,0,0,1.0,
davos_20240110,75,0.0,8,4306,0,1,1.0,
davos_20240110,76,0.0,11,8,0,0,1.0,
davos_20240110,77,0.0,8,8,0,0,1.0,
davos_20240110,78,8.443806467955755e-05,4,35529,3,34201,1.0,
davos_20240110,79,0.0,3,16626,0,16618,1.0,
davos_20240110,81,1.0,2,101,101,1,1.0,
davos_20240110,85,0.00016980811682798438,2,35334,6,35542,1.0,
davos_20240110,87,7.550018875047188e-05,3,13245,1,13237,1.0,
davos_20240110,89,0.9988865692414753,2,7185,7177,4300,1.0,
davos_20240110,93,5.163688939378292e-05,2,19366,1,20091,1.0,
davos_20240110,14,0.999589995899959,2,12195,12190,206,1.0,1.0
davos_20240110,31,0.999348109517601,3,1534,1533,69,1.0,1.0
davos_20240110,34,0.9997309272247834,2,55747,55732,743,1.0,1.0
davos_20240110,35,0.9997466659428551,2,55263,55249,15,1.0,1.0
davos_20240110,66,0.9996873045653534,2,28782,28773,619,1.0,1.0
davos_20240110,91,0.999468085106383,2,1880,1879,15776,1.0,1.0
davos_20240110,94,0.9989759246586815,3,208969,208755,24822,1.0,1.0
davos_20240110,95,0.9968895800933126,3,3858,3846,227930,1.0,1.0
davos_20240110,99,0.9997850048015594,2,139538,139508,322162,1.0,1.0
davos_20240110,3,0.9253387425378777,2,112401,104009,9776,,1.0
davos_20240110,12,0.0,2,134,0,10064,,1.0
davos_20240110,37,1.0,2,1,1,15527,,1.0
davos_20240110,42,0.9987349778621126,3,7905,7895,46,,1.0
davos_20240110,52,0.9813555436692901,2,13087,12843,72751,,1.0
davos_20240110,71,1.0,4,48,48,0,,1.0
davos_20240110,72,1.0,6,8,8,0,,1.0
davos_20240110,73,0.0,7,6053,0,6028,,1.0
davos_20240110,74,0.9981555487242545,5,3253,3247,131,,1.0
davos_20240110,75,0.9983762468104848,9,4311,4304,14,,1.0
davos_20240110,76,1.0,16,8,8,0,,1.0
davos_20240110,77,1.0,9,8,8,0,,1.0
davos_20240110,78,0.9426624017219216,6,33451,31533,4570,,1.0
davos_20240110,79,0.9994586791771923,3,16626,16617,196,,1.0
davos_20240110,81,1.0,3,101,101,1,,1.0
davos_20240110,83,0.9995386744579425,2,13006,13000,60,,1.0
davos_20240110,87,0.9994714986787467,2,13245,13238,1022,,1.0
davos_20240110,88,0.9992932862190813,3,4245,4242,71,,1.0
davos_20240110,89,0.7723252496433666,4,7010,5414,364,,1.0
davos_20240110,92,1.0,2,1347,1347,528,,1.0
davos_20240110,93,0.9998506942716369,2,20093,20090,7,,1.0
davos_20240110,97,0.997897537114906,2,23306,23257,97,,1.0
davos_20240108,1,0.09266494313504992,2,86257,7993,78953,1.0,
davos_20240108,2,0.0,2,367,0,8194,1.0,
davos_20240108,33,0.08964484381685922,1,4674,419,0,1.0,
davos_20240108,52,0.002961082910321489,2,37824,112,42869,1.0,
davos_20240108,71,1.0,2,24,24,0,1.0,
davos_20240108,72,0.9846938775510204,3,392,386,28,1.0,
davos_20240108,73,0.0,5,3593,0,0,1.0,
davos_20240108,74,0.030410542321338063,2,1973,60,71,1.0,
davos_20240108,75,0.0,8,2086,0,0,1.0,
davos_20240108,76,0.0,11,31,0,19,1.0,
davos_20240108,77,0.0,8,41,0,26,1.0,
davos_20240108,78,0.028047119160189118,4,24958,700,24771,1.0,
davos_20240108,79,0.0,3,8388,0,8382,1.0,
davos_20240108,81,0.9705882352941176,2,34,33,1,1.0,
davos_20240108,85,0.016926437009828255,2,20146,341,19938,1.0,
davos_20240108,87,0.031023368251410152,3,4964,154,4807,1.0,
davos_20240108,89,0.9989806320081549,2,2943,2940,1710,1.0,
davos_20240108,93,0.018010347763442267,2,15269,275,15760,1.0,
davos_20240108,14,0.9996525364836693,2,5756,5754,99,1.0,1.0
davos_20240108,31,1.0,3,897,897,50,1.0,1.0
davos_20240108,34,0.9994369105156962,2,21311,21299,301,1.0,1.0
davos_20240108,35,0.9996684664203845,2,21114,21107,8,1.0,1.0
davos_20240108,66,0.9998158605450528,2,16292,16289,246,1.0,1.0
davos_20240108,91,1.0,2,835,835,7622,1.0,1.0
davos_20240108,94,0.9987573780677229,3,138417,138245,18836,1.0,1.0
davos_20240108,95,0.9974989578991247,3,2399,2393,157770,1.0,1.0
davos_20240108,99,0.9997109441010361,2,89948,89922,183456,1.0,1.0
davos_20240108,3,0.9051396385824924,2,85220,77136,9248,,1.0
davos_20240108,12,0.0,2,8,0,3370,,1.0
davos_20240108,37,0.9876838004272968,1,7957,7859,0,,1.0
davos_20240108,42,0.9153636981645139,3,2942,2693,264,,1.0
davos_20240108,52,0.973386716910033,2,4246,4133,38855,,1.0
davos_20240108,71,1.0,4,24,24,0,,1.0
davos_20240108,72,0.015306122448979591,6,392,6,0,,1.0
davos_20240108,73,0.0,7,3591,0,3556,,1.0
davos_20240108,74,0.9361924686192469,5,1912,1790,71,,1.0
davos_20240108,75,0.9985639061752034,9,2089,2086,5,,1.0
davos_20240108,76,0.3870967741935484,16,31,12,1,,1.0
davos_20240108,77,0.36585365853658536,9,41,15,0,,1.0
davos_20240108,78,0.9593631994507381,6,23304,22357,2450,,1.0
davos_20240108,79,0.9992846924177397,3,8388,8382,119,,1.0
davos_20240108,81,0.9705882352941176,3,34,33,1,,1.0
davos_20240108,83,0.9996707276918011,2,6074,6072,27,,1.0
davos_20240108,87,0.9993956486704271,2,4964,4961,289,,1.0
davos_20240108,88,0.8399511301160659,3,1637,1375,89,,1.0
davos_20240108,89,0.7199857499109369,4,2807,2021,242,,1.0
davos_20240108,92,0.98625,2,800,789,277,,1.0
davos_20240108,93,0.9812364839078997,2,15722,15427,298,,1.0
davos_20240108,97,0.8719164630933564,2,20877,18203,2701,,1.0
davos_20240115,1,6.962264526267629e-05,2,100542,7,101416,1.0,
davos_20240115,2,0.0,2,779,0,806,1.0,
davos_20240115,33,0.17565749235474007,1,8175,1436,0,1.0,
davos_20240115,52,0.0,2,101990,0,116666,1.0,
davos_20240115,71,1.0,2,13,13,0,1.0,
davos_20240115,72,0.9997002398081535,3,3336,3335,20,1.0,
davos_20240115,73,0.0,5,9589,0,0,1.0,
davos_20240115,74,0.2961660218079494,2,2843,842,389,1.0,
davos_20240115,75,0.0,8,5248,0,2,1.0,
davos_20240115,76,0.9970588235294118,11,680,678,12,1.0,
davos_20240115,77,0.9973118279569892,8,744,742,1,1.0,
davos_20240115,78,0.0003595685177786656,4,25030,9,25344,1.0,
davos_20240115,79,0.00039188365409736133,3,22966,9,22914,1.0,
davos_20240115,81,1.0,2,69,69,0,1.0,
davos_20240115,85,0.06347644603458558,2,33540,2129,31653,1.0,
davos_20240115,87,0.053296389862276916,3,12271,654,11613,1.0,
davos_20240115,89,0.9987170087976539,2,16368,16347,2731,1.0,
davos_20240115,93,3.9385584875935406e-05,2,25390,1,28565,1.0,
davos_20240115,14,0.9996782496782497,2,12432,12428,272,1.0,1.0
davos_20240115,31,1.0,3,2757,2757,70,1.0,1.0
davos_20240115,34,1.0,2,12474,12474,1436,1.0,1.0
davos_20240115,35,1.0,2,12355,12355,0,1.0,1.0
davos_20240115,66,0.9998180494905385,2,27480,27475,1525,1.0,1.0
davos_20240115,91,0.9995700773860705,2,4652,4650,12024,1.0,1.0
davos_20240115,94,0.9990610916374562,3,223664,223454,32521,1.0,1.0
davos_20240115,95,0.9983739837398374,3,4920,4912,248725,1.0,1.0
davos_20240115,99,0.9997091697457218,2,151291,151247,334416,1.0,1.0
davos_20240115,3,0.9997265642801805,2,197487,197433,3129,,1.0
davos_20240115,12,0.0,2,28,0,5226,,1.0
davos_20240115,37,0.9998978184233382,1,19573,19571,0,,1.0
davos_20240115,42,0.9989339019189766,3,6566,6559,23,,1.0
davos_20240115,52,0.99968078314535,2,9398,9395,107286,,1.0
davos_20240115,71,1.0,4,13,13,0,,1.0
davos_20240115,72,0.0,6,3338,0,0,,1.0
davos_20240115,73,0.0,7,9577,0,9542,,1.0
davos_20240115,74,0.6354091238233165,5,2762,1755,109,,1.0
davos_20240115,75,0.9984802431610942,9,5264,5256,15,,1.0
davos_20240115,76,0.0014705882352941176,16,680,1,0,,1.0
davos_20240115,77,0.0013440860215053765,9,744,1,0,,1.0
davos_20240115,78,0.9985089886683138,6,23474,23439,1943,,1.0
davos_20240115,79,0.9975616128189497,3,22966,22910,236,,1.0
davos_20240115,81,1.0,3,69,69,0,,1.0
davos_20240115,83,0.9676467877223707,2,21698,20996,785,,1.0
davos_20240115,87,0.9995110422948414,2,12271,12265,684,,1.0
davos_20240115,88,0.9139830508474577,3,2360,2157,61,,1.0
davos_20240115,89,0.6117588993768894,4,16209,9916,748,,1.0
davos_20240115,92,0.8320172290021536,2,1393,1159,803,,1.0
davos_20240115,93,0.8377527917418166,2,26059,21831,4239,,1.0
davos_20240115,97,0.952398045116934,2,36217,34493,1802,,1.0
davos_20240124,1,6.125049000392003e-05,2,81632,5,82239,1.0,
davos_20240124,2,0.0,2,948,0,965,1.0,
davos_20240124,33,0.11905582356995176,1,5804,691,0,1.0,
davos_20240124,52,1.4974319042841527e-05,2,66781,1,75948,1.0,
davos_20240124,71,1.0,2,29,29,0,1.0,
davos_20240124,72,0.0,3,198,0,227,1.0,
davos_20240124,73,0.0,5,2533,0,0,1.0,
davos_20240124,74,0.0,2,3132,0,0,1.0,
davos_20240124,75,0.0,8,1541,0,0,1.0,
davos_20240124,76,0.0,11,37,0,0,1.0,
davos_20240124,77,0.0,8,41,0,0,1.0,
davos_20240124,78,0.00011894495822058342,4,33629,4,34223,1.0,
davos_20240124,79,0.00013456233600215298,3,14863,2,14856,1.0,
davos_20240124,81,1.0,2,53,53,0,1.0,
davos_20240124,85,0.0,2,16507,0,16624,1.0,
davos_20240124,87,0.0,3,6939,0,6933,1.0,
davos_20240124,89,0.9988358556461001,2,4295,4290,4362,1.0,
davos_20240124,93,2.660069693825978e-05,2,37593,1,38354,1.0,
davos_20240124,14,1.0,2,7260,7260,160,1.0,1.0
davos_20240124,31,1.0,3,1680,1680,53,1.0,1.0
davos_20240124,34,0.999537037037037,2,21600,21590,708,1.0,1.0
davos_20240124,35,0.9995807323208795,2,21466,21457,9,1.0,1.0
davos_20240124,66,0.9997349940373659,2,30188,30180,212,1.0,1.0
davos_20240124,91,1.0,2,1598,1598,14123,1.0,1.0
davos_20240124,94,0.9988853427332921,3,209930,209696,24162,1.0,1.0
davos_20240124,95,0.9980937857415173,3,2623,2618,229099,1.0,1.0
davos_20240124,99,0.9997399527186761,2,211500,211445,226440,1.0,1.0
davos_20240124,3,0.9997632439878322,2,139384,139351,1884,,1.0
davos_20240124,12,0.0,2,187,0,6870,,1.0
davos_20240124,37,0.9998974569319115,1,19504,19502,0,,1.0
davos_20240124,42,0.9992842657759752,3,8383,8377,31,,1.0
davos_20240124,52,0.9988942945599293,2,4522,4517,71448,,1.0
davos_20240124,71,1.0,4,29,29,0,,1.0
davos_20240124,72,1.0,6,198,198,0,,1.0
davos_20240124,73,0.0,7,2530,0,2524,,1.0
davos_20240124,74,0.9990056347364932,5,3017,3014,118,,1.0
davos_20240124,75,0.9987088444157521,9,1549,1547,2,,1.0
davos_20240124,76,1.0,16,37,37,1,,1.0
davos_20240124,77,1.0,9,41,41,0,,1.0
davos_20240124,78,0.9989284251000662,6,31729,31695,2561,,1.0
davos_20240124,79,0.9994617506559914,3,14863,14855,179,,1.0
davos_20240124,81,1.0,3,53,53,0,,1.0
davos_20240124,83,0.9996940960538391,2,3269,3268,18,,1.0
davos_20240124,87,0.9991353220925205,2,6939,6933,951,,1.0
davos_20240124,88,0.9983602717263996,3,4269,4262,63,,1.0
davos_20240124,89,0.9987937273823885,4,4145,4140,175,,1.0
davos_20240124,92,1.0,2,1502,1502,627,,1.0
davos_20240124,93,0.9997393253740681,2,38362,38352,23,,1.0
davos_20240124,97,0.9681236446594883,2,79777,77234,2679,,1.0
schanf_20240122,1,4.966722956193504e-05,2,40268,2,40546,1.0,
schanf_20240122,2,0.0,2,551,0,554,1.0,
schanf_20240122,33,0.005067987214097617,1,60379,306,0,1.0,
schanf_20240122,52,2.7929233528734527e-05,2,322243,9,363392,1.0,
schanf_20240122,71,1.0,2,6,6,0,1.0,
schanf_20240122,72,0.9992941413733992,3,9917,9910,24,1.0,
schanf_20240122,73,0.0,5,14985,0,0,1.0,
schanf_20240122,74,0.33717488506832927,2,15879,5354,264,1.0,
schanf_20240122,75,0.0,8,26160,0,7,1.0,
schanf_20240122,76,0.9972444511550657,3,26492,26419,74,1.0,
schanf_20240122,77,,,0,0,0,1.0,
schanf_20240122,78,0.00015454756201220925,4,25882,4,25880,1.0,
schanf_20240122,79,0.0,3,7,0,7,1.0,
schanf_20240122,81,1.0,2,65,65,0,1.0,
schanf_20240122,85,0.19231779226049797,2,41889,8056,34070,1.0,
schanf_20240122,87,0.31222472875711677,3,18618,5813,12811,1.0,
schanf_20240122,89,0.9988252119726223,2,19578,19555,7396,1.0,
schanf_20240122,93,3.663909574711696e-05,2,109173,4,114752,1.0,
schanf_20240122,14,0.9998302687411599,2,17675,17672,358,1.0,1.0
schanf_20240122,31,0.9993784959602238,3,4827,4824,42,1.0,1.0
schanf_20240122,34,0.9996835288962461,2,41078,41065,332,1.0,1.0
schanf_20240122,35,0.9997305836537755,2,40829,40818,11,1.0,1.0
schanf_20240122,66,0.9997648079738207,2,246607,246549,2703,1.0,1.0
schanf_20240122,91,0.9992380952380953,2,21000,20984,83708,1.0,1.0
schanf_20240122,94,0.9990008412272248,3,620522,619902,72859,1.0,1.0
schanf_20240122,95,0.9987155963302752,3,5450,5443,680310,1.0,1.0
schanf_20240122,99,0.9997631259908608,2,536150,536023,431314,1.0,1.0
schanf_20240122,3,0.9997229850171027,2,166056,166010,2263,,1.0
schanf_20240122,12,0.0,2,19375,0,7078,,1.0
schanf_20240122,37,0.9998422314779755,1,31692,31687,0,,1.0
schanf_20240122,42,0.9995395736451954,3,21719,21709,92,,1.0
schanf_20240122,52,0.9995317036620773,2,10677,10672,352742,,1.0
schanf_20240122,71,1.0,4,6,6,0,,1.0
schanf_20240122,72,0.0004033477866290209,6,9917,4,0,,1.0
schanf_20240122,73,0.0,7,14971,0,14893,,1.0
schanf_20240122,74,0.654466148302674,5,15819,10353,76,,1.0
schanf_20240122,75,0.9972152285038529,9,26214,26141,124,,1.0
schanf_20240122,76,0.9972444511550657,3,26492,26419,74,,1.0
schanf_20240122,77,0.9960375697094218,2,34070,33935,394,,1.0
schanf_20240122,78,0.9991726420297848,6,25382,25361,568,,1.0
schanf_20240122,79,1.0,3,7,7,0,,1.0
schanf_20240122,81,0.9076923076923077,3,65,59,6,,1.0
schanf_20240122,83,0.7609059233449478,2,86100,65514,20794,,1.0
schanf_20240122,87,0.999570308303792,2,18618,18610,1271,,1.0
schanf_20240122,88,0.9645902587079057,3,6919,6674,71,,1.0
schanf_20240122,89,0.19005773259081388,4,19573,3720,93,,1.0
schanf_20240122,92,0.8286995515695067,2,1115,924,788,,1.0
schanf_20240122,93,0.8489837991680654,2,109624,93069,16574,,1.0
schanf_20240122,97,0.9981906592785253,2,79587,79443,262,,1.0
schanf_20240124,1,,,0,0,0,1.0,
schanf_20240124,2,0.0,2,1064,0,1072,1.0,
schanf_20240124,33,0.004625080879005009,1,41729,193,0,1.0,
schanf_20240124,52,0.028652612688460304,2,180542,5173,198054,1.0,
schanf_20240124,71,1.0,2,12,12,0,1.0,
schanf_20240124,72,1.0,2,12,12,0,1.0,
schanf_20240124,73,0.0,5,31321,0,0,1.0,
schanf_20240124,74,0.0,2,4369,0,1,1.0,
schanf_20240124,75,0.0,8,27075,0,9,1.0,
schanf_20240124,76,0.9972669630493405,3,27442,27367,76,1.0,
schanf_20240124,77,,,0,0,0,1.0,
schanf_20240124,78,0.002416226870986202,4,31454,76,31727,1.0,
schanf_20240124,79,6.0917663685762326e-05,3,82078,5,82043,1.0,
schanf_20240124,81,1.0,2,343,343,0,1.0,
schanf_20240124,85,8.158159519212466e-05,2,36773,3,36983,1.0,
schanf_20240124,87,0.0,3,5287,0,5285,1.0,
schanf_20240124,89,0.9989575815892872,2,12471,12458,5953,1.0,
schanf_20240124,93,0.00011124955500178,2,89888,10,90547,1.0,
schanf_20240124,14,0.9996693850562045,2,18148,18142,345,1.0,1.0
schanf_20240124,31,0.9996057559629411,3,5073,5071,70,1.0,1.0
schanf_20240124,34,0.9997580684182513,2,20667,20662,203,1.0,1.0
schanf_20240124,35,0.9998053622694759,2,20551,20547,4,1.0,1.0
schanf_20240124,66,0.9997984470827614,2,104191,104170,5456,1.0,1.0
schanf_20240124,91,0.9993200362647325,2,8824,8818,44234,1.0,1.0
schanf_20240124,94,0.9989358742382057,3,492423,491899,61022,1.0,1.0
schanf_20240124,95,0.9971165975851505,3,5549,5533,540515,1.0,1.0
schanf_20240124,99,0.9997623831932599,2,387178,387086,420659,1.0,1.0
schanf_20240124,3,0.9997299915820905,2,62961,62944,847,,1.0
schanf_20240124,12,0.0,2,1,0,9297,,1.0
schanf_20240124,37,0.9999203694855868,1,37674,37671,0,,1.0
schanf_20240124,42,0.9993396962602797,3,16659,16648,76,,1.0
schanf_20240124,52,0.6428571428571429,2,14476,9306,193929,,1.0
schanf_20240124,71,1.0,4,12,12,0,,1.0
schanf_20240124,72,0.0,5,12,0,12,,1.0
schanf_20240124,73,0.0,7,31300,0,31135,,1.0
schanf_20240124,74,0.9990654205607477,5,4280,4276,94,,1.0
schanf_20240124,75,0.9981200235918608,9,27128,27077,115,,1.0
schanf_20240124,76,0.9972669630493405,3,27442,27367,76,,1.0
schanf_20240124,77,0.9966674107854705,2,62714,62505,695,,1.0
schanf_20240124,78,0.9968280958765247,6,30581,30484,1358,,1.0
schanf_20240124,79,0.9994273739613538,3,82078,82031,645,,1.0
schanf_20240124,81,1.0,3,343,343,0,,1.0
schanf_20240124,83,0.9994474222246781,2,36194,36174,137,,1.0
schanf_20240124,87,0.9996217136372234,2,5287,5285,1074,,1.0
schanf_20240124,88,0.999822380106572,3,5630,5629,52,,1.0
schanf_20240124,89,0.9985532872528532,4,12442,12424,167,,1.0
schanf_20240124,92,0.9786223277909739,2,1263,1236,441,,1.0
schanf_20240124,93,0.9777112955930407,2,90584,88565,2043,,1.0
schanf_20240124,97,0.9980989198891214,2,94157,93978,369,,1.0
schanf_20240117,1,6.396042981408835e-05,2,46904,3,47221,1.0,
schanf_20240117,2,0.0008525149190110827,2,1173,1,1189,1.0,
schanf_20240117,33,0.03566341935851421,1,17553,626,0,1.0,
schanf_20240117,52,0.004963456638010697,2,142844,709,160698,1.0,
schanf_20240117,71,1.0,2,108,108,0,1.0,
schanf_20240117,72,0.9994202898550725,3,3450,3448,113,1.0,
schanf_20240117,73,0.0,5,14669,0,0,1.0,
schanf_20240117,74,0.14838220424671386,2,7912,1174,189,1.0,
schanf_20240117,75,0.0,8,11392,0,1,1.0,
schanf_20240117,76,0.9982698961937716,11,1156,1154,10,1.0,
schanf_20240117,77,0.9992025518341308,8,1254,1253,1,1.0,
schanf_20240117,78,0.00012479720454261825,4,40065,5,40371,1.0,
schanf_20240117,79,3.7076860331467135e-05,3,26971,1,26947,1.0,
schanf_20240117,81,1.0,2,108,108,0,1.0,
schanf_20240117,85,0.07433345183078564,2,28130,2091,26204,1.0,
schanf_20240117,87,0.14537215866884565,3,13462,1957,11494,1.0,
schanf_20240117,89,0.9989558380934832,2,16281,16264,8789,1.0,
schanf_20240117,93,2.6651741691319526e-05,2,75042,2,75661,1.0,
schanf_20240117,14,0.999750965010584,2,16062,16058,314,1.0,1.0
schanf_20240117,31,0.9994100294985251,3,1695,1694,20,1.0,1.0
schanf_20240117,34,0.9995424911357658,2,17486,17478,646,1.0,1.0
schanf_20240117,35,0.9995960295475531,2,17328,17321,8,1.0,1.0
schanf_20240117,66,0.9997915752523037,2,91160,91141,2168,1.0,1.0
schanf_20240117,91,0.9985829003306566,2,6351,6342,39512,1.0,1.0
schanf_20240117,94,0.9988648293133324,3,316252,315893,40328,1.0,1.0
schanf_20240117,95,0.9961559582646897,3,3642,3628,348157,1.0,1.0
schanf_20240117,99,0.9996348463460143,2,224563,224481,321725,1.0,1.0
schanf_20240117,3,0.9998155253837072,2,135520,135495,1897,,1.0
schanf_20240117,12,0.0,2,62,0,26104,,1.0
schanf_20240117,37,0.7883699557189406,1,11969,9436,0,,1.0
schanf_20240117,42,0.9989235055724417,3,15792,15775,86,,1.0
schanf_20240117,52,0.9996132425742574,2,12928,12923,148492,,1.0
schanf_20240117,71,1.0,4,108,108,0,,1.0
schanf_20240117,72,0.0,6,3453,0,0,,1.0
schanf_20240117,73,0.0,7,14649,0,14490,,1.0
schanf_20240117,74,0.8328985129141665,5,7666,6385,274,,1.0
schanf_20240117,75,0.9971123556177809,9,11428,11395,53,,1.0
schanf_20240117,76,0.0,16,1156,0,0,,1.0
schanf_20240117,77,0.0,9,1254,0,0,,1.0
schanf_20240117,78,0.9972978645259457,6,38118,38015,2406,,1.0
schanf_20240117,79,0.9989989247710503,3,26971,26944,266,,1.0
schanf_20240117,81,0.7592592592592593,3,108,82,26,,1.0
schanf_20240117,83,0.9329446064139941,2,24353,22720,1725,,1.0
schanf_20240117,87,0.9989600356559204,2,13462,13448,1795,,1.0
schanf_20240117,88,0.9997615072740281,3,8386,8384,92,,1.0
schanf_20240117,89,0.14252264464846878,4,16229,2313,153,,1.0
schanf_20240117,92,0.9092422980849292,2,1201,1092,763,,1.0
schanf_20240117,93,0.9199371019318693,2,75678,69619,6074,,1.0
schanf_20240117,97,0.9421178889650446,2,58360,54982,3461,,1.0
schanf_20240110,1,0.17783912084235182,2,95637,17008,79280,1.0,
schanf_20240110,2,0.09829059829059829,2,468,46,17140,1.0,
schanf_20240110,33,0.07408125113988692,1,87728,6499,0,1.0,
schanf_20240110,52,0.005429187084723449,2,177743,965,197512,1.0,
schanf_20240110,71,,,0,0,0,1.0,
schanf_20240110,72,0.0,3,2,0,2,1.0,
schanf_20240110,73,0.0,5,16221,0,1632,1.0,
schanf_20240110,74,0.0,2,4855,0,1,1.0,
schanf_20240110,75,0.0,8,36054,0,13,1.0,
schanf_20240110,76,0.9987389659520807,11,3172,3168,11,1.0,
schanf_20240110,77,0.9984624846248462,8,3252,3247,5,1.0,
schanf_20240110,78,0.0,4,18979,0,18989,1.0,
schanf_20240110,79,0.0,3,11216,0,11205,1.0,
schanf_20240110,81,1.0,2,66,66,0,1.0,
schanf_20240110,85,0.20277136258660508,2,19485,3951,15661,1.0,
schanf_20240110,87,0.0968059505578648,3,9142,885,8255,1.0,
schanf_20240110,89,0.9985994397759104,2,2856,2852,655,1.0,
schanf_20240110,93,0.07228500830396566,2,49374,3569,46120,1.0,
schanf_20240110,14,0.9998685421322466,2,7607,7606,147,1.0,1.0
schanf_20240110,31,1.0,3,1508,1508,14,1.0,1.0
schanf_20240110,34,0.999684225635137,2,34835,34824,204,1.0,1.0
schanf_20240110,35,0.9997118985883031,2,34710,34700,10,1.0,1.0
schanf_20240110,66,0.9996791434045635,2,109083,109048,1617,1.0,1.0
schanf_20240110,91,0.7173687682593535,2,10611,7612,44303,1.0,1.0
schanf_20240110,94,0.999025613063583,3,706085,705397,88892,1.0,1.0
schanf_20240110,95,0.998959296947271,3,8648,8639,777550,1.0,1.0
schanf_20240110,99,0.9997593166557787,2,814348,814152,964106,1.0,1.0
schanf_20240110,3,0.9997704684738449,2,130701,130671,1882,,1.0
schanf_20240110,12,0.8104194407456724,1,36048,29214,0,,1.0
schanf_20240110,37,0.9537977339488041,1,23830,22729,0,,1.0
schanf_20240110,42,0.9991788133853419,3,9742,9734,33,,1.0
schanf_20240110,52,0.9339590326779476,2,14597,13633,184853,,1.0
schanf_20240110,71,,,0,0,0,,1.0
schanf_20240110,72,1.0,6,2,2,0,,1.0
schanf_20240110,73,0.0,7,16203,0,14463,,1.0
schanf_20240110,74,0.9989671555463747,5,4841,4836,22,,1.0
schanf_20240110,75,0.9983391922938523,9,36127,36067,130,,1.0
schanf_20240110,76,0.0,16,3171,0,0,,1.0
schanf_20240110,77,0.0,9,3252,0,0,,1.0
schanf_20240110,78,0.998934583422118,6,18772,18752,283,,1.0
schanf_20240110,79,0.9989300998573466,3,11216,11204,75,,1.0
schanf_20240110,81,0.7727272727272727,3,66,51,15,,1.0
schanf_20240110,83,0.7908049069849928,2,81761,64657,17325,,1.0
schanf_20240110,87,0.9994530737256618,2,9142,9137,534,,1.0
schanf_20240110,88,0.9472789115646258,3,588,557,6,,1.0
schanf_20240110,89,0.998249299719888,4,2856,2851,27,,1.0
schanf_20240110,92,0.9015151515151515,2,396,357,105,,1.0
schanf_20240110,93,0.9273704770150817,2,49663,46056,3616,,1.0
schanf_20240110,97,0.9974469756480754,2,30552,30474,467,,1.0
schanf_20240118,1,3.4174598021290774e-05,2,58523,2,58927,1.0,
schanf_20240118,2,0.0,2,249,0,255,1.0,
schanf_20240118,33,0.039158924644315786,1,44562,1745,0,1.0,
schanf_20240118,52,4.323669931037465e-05,2,92514,4,103739,1.0,
schanf_20240118,71,,,0,0,0,1.0,
schanf_20240118,72,0.0,3,84,0,84,1.0,
schanf_20240118,73,0.0,5,5437,0,0,1.0,
schanf_20240118,74,0.0,2,17162,0,0,1.0,
schanf_20240118,75,0.0,8,6434,0,1,1.0,
schanf_20240118,76,0.0,11,53,0,0,1.0,
schanf_20240118,77,0.0,8,54,0,0,1.0,
schanf_20240118,78,0.00022904260192395785,4,26196,6,26269,1.0,
schanf_20240118,79,0.0,3,23487,0,23477,1.0,
schanf_20240118,81,1.0,2,135,135,0,1.0,
schanf_20240118,85,2.7362775679964975e-05,2,36546,1,36774,1.0,
schanf_20240118,87,0.0,3,3949,0,3948,1.0,
schanf_20240118,89,0.9989395096292526,2,23574,23549,24907,1.0,
schanf_20240118,93,0.0,2,2,0,3,1.0,
schanf_20240118,14,0.9995138026038571,2,18511,18502,400,1.0,1.0
schanf_20240118,31,0.9985573455157489,3,8318,8306,106,1.0,1.0
schanf_20240118,34,0.999546176537327,2,96954,96910,1823,1.0,1.0
schanf_20240118,35,0.9996167669632408,2,96547,96510,39,1.0,1.0
schanf_20240118,66,0.9997849154000573,2,97636,97615,328,1.0,1.0
schanf_20240118,91,0.9992317541613316,2,15620,15608,22673,1.0,1.0
schanf_20240118,94,0.9988784516616963,3,232714,232453,29522,1.0,1.0
schanf_20240118,95,0.9956293706293706,3,2288,2278,256829,1.0,1.0
schanf_20240118,99,0.9997513770709647,2,233285,233227,297978,1.0,1.0
schanf_20240118,3,0.9997338588564803,2,315622,315538,4426,,1.0
schanf_20240118,12,0.0,2,13,0,12631,,1.0
schanf_20240118,37,0.9996746002231313,1,43024,43010,0,,1.0
schanf_20240118,42,0.9992318033416555,3,26035,26015,113,,1.0
schanf_20240118,52,0.9995798319327731,2,9520,9516,94229,,1.0
schanf_20240118,71,,,0,0,0,,1.0
schanf_20240118,72,1.0,6,84,84,0,,1.0
schanf_20240118,73,0.0,7,5431,0,5411,,1.0
schanf_20240118,74,0.9975432849789424,5,17096,17054,113,,1.0
schanf_20240118,75,0.9982940446650124,9,6448,6437,22,,1.0
schanf_20240118,76,1.0,16,53,53,0,,1.0
schanf_20240118,77,1.0,9,54,54,0,,1.0
schanf_20240118,78,0.9988708923843638,6,25684,25655,662,,1.0
schanf_20240118,79,0.9994039255758504,3,23487,23473,176,,1.0
schanf_20240118,81,1.0,3,135,135,0,,1.0
schanf_20240118,83,0.9995744680851064,2,7050,7047,25,,1.0
schanf_20240118,87,0.9997467713345151,2,3949,3948,3970,,1.0
schanf_20240118,88,0.999587049884374,3,24216,24206,253,,1.0
schanf_20240118,89,0.9984712077458807,4,23548,23512,244,,1.0
schanf_20240118,92,,,0,0,0,,1.0
schanf_20240118,93,1.0,2,2,2,0,,1.0
schanf_20240118,97,0.998202392880297,2,33934,33873,118,,1.0
davos_20240117,1,3.399279352777211e-05,2,58836,2,59388,1.0,
davos_20240117,2,0.15737051792828685,2,1004,158,861,1.0,
davos_20240117,33,0.02806573957016435,1,23730,666,0,1.0,
davos_20240117,52,1.606851615287586e-05,2,124467,2,142798,1.0,
davos_20240117,71,1.0,2,43,43,0,1.0,
davos_20240117,72,0.998200850507033,3,6114,6103,55,1.0,
davos_20240117,73,0.0,5,12944,0,689,1.0,
davos_20240117,74,0.20424721320728093,2,14174,2895,1176,1.0,
davos_20240117,75,0.0,8,5545,0,1,1.0,
davos_20240117,76,0.0,11,1739,0,1691,1.0,
davos_20240117,77,0.0,8,1905,0,1858,1.0,
davos_20240117,78,0.13971091870247107,4,56939,7955,49881,1.0,
davos_20240117,79,0.0,3,24764,0,24747,1.0,
davos_20240117,81,1.0,2,147,147,1,1.0,
davos_20240117,85,1.6925915268868164e-05,2,59081,1,59541,1.0,
davos_20240117,87,6.452861844227915e-05,3,15497,1,15485,1.0,
davos_20240117,89,0.9987461106209075,2,21533,21506,14463,1.0,
davos_20240117,93,0.05381764764798184,2,59906,3224,59578,1.0,
davos_20240117,14,0.9995528727923094,2,8946,8942,199,1.0,1.0
davos_20240117,31,0.8351488743645606,3,2754,2300,516,1.0,1.0
davos_20240117,34,0.9997780244173141,2,49555,49544,692,1.0,1.0
davos_20240117,35,0.9997762909031747,2,49171,49160,12,1.0,1.0
davos_20240117,66,0.9997634768897211,2,50735,50723,1563,1.0,1.0
davos_20240117,91,0.9991757675664538,2,9706,9698,33715,1.0,1.0
davos_20240117,94,0.9986258665244678,3,195032,194764,25424,1.0,1.0
davos_20240117,95,0.9994517543859649,3,3648,3646,214006,1.0,1.0
davos_20240117,99,0.9997574060086121,2,181373,181329,304489,1.0,1.0
davos_20240117,3,0.9090868345904137,2,156182,141983,16431,,1.0
davos_20240117,12,0.0,2,1426,0,5955,,1.0
davos_20240117,37,0.9998338042213728,1,24068,24064,0,,1.0
davos_20240117,42,0.9994227280224312,3,12126,12119,64,,1.0
davos_20240117,52,0.9992686717250205,2,10939,10931,131884,,1.0
davos_20240117,71,1.0,4,43,43,0,,1.0
davos_20240117,72,0.0014715500327011119,6,6116,9,0,,1.0
davos_20240117,73,0.0,7,12929,0,11498,,1.0
davos_20240117,74,0.7342838626053143,5,13887,10197,441,,1.0
davos_20240117,75,0.9978417266187051,9,5560,5548,23,,1.0
davos_20240117,76,0.025876940770557792,16,1739,45,1,,1.0
davos_20240117,77,0.024671916010498687,9,1905,47,0,,1.0
davos_20240117,78,0.8362135814777889,6,54162,45291,4521,,1.0
davos_20240117,79,0.9991519948312065,3,24764,24743,301,,1.0
davos_20240117,81,1.0,3,147,147,1,,1.0
davos_20240117,83,0.9996211583084719,2,21117,21109,86,,1.0
davos_20240117,87,0.999290185197135,2,15497,15486,3838,,1.0
davos_20240117,88,0.9306626678091974,3,14004,13033,324,,1.0
davos_20240117,89,0.9981225064538841,4,21305,21265,459,,1.0
davos_20240117,92,0.8631506377111341,2,2901,2504,1552,,1.0
davos_20240117,93,0.8732781920609594,2,61418,53635,7796,,1.0
davos_20240117,97,0.9779274564237929,2,65919,64464,1541,,1.0
davos_20240119,1,0.05575565563771543,2,172969,9644,164559,1.0,
davos_20240119,2,0.0,2,517,0,9954,1.0,
davos_20240119,33,0.09916187964968452,1,21238,2106,0,1.0,
davos_20240119,52,0.004082586807149954,2,119777,489,134891,1.0,
davos_20240119,71,1.0,2,138,138,0,1.0,
davos_20240119,72,0.9817073170731707,3,2132,2093,175,1.0,
davos_20240119,73,0.0,5,15085,0,0,1.0,
davos_20240119,74,0.03384194053208138,2,5112,173,76,1.0,
davos_20240119,75,0.0,8,15909,0,4,1.0,
davos_20240119,76,0.0,11,504,0,489,1.0,
davos_20240119,77,0.0,8,604,0,587,1.0,
davos_20240119,78,0.07346793710968572,4,59087,4341,55694,1.0,
davos_20240119,79,6.67244945619537e-05,3,29974,2,29961,1.0,
davos_20240119,81,1.0,2,176,176,1,1.0,
davos_20240119,85,0.06223053267605198,2,64711,4027,61120,1.0,
davos_20240119,87,0.029991395911009137,3,24407,732,23669,1.0,
davos_20240119,89,0.9987066974595843,2,10825,10811,4707,1.0,
davos_20240119,93,0.03278214230075891,2,44933,1473,44985,1.0,
davos_20240119,14,0.999900911613159,2,10092,10091,207,1.0,1.0
davos_20240119,31,0.9997643176997407,3,4243,4242,135,1.0,1.0
davos_20240119,34,0.9997028713432916,2,74042,74020,1493,1.0,1.0
davos_20240119,35,0.9998094538129653,2,73473,73459,18,1.0,1.0
davos_20240119,66,0.9998115067857557,2,68968,68955,2752,1.0,1.0
davos_20240119,91,0.9996627887371439,2,5931,5929,31146,1.0,1.0
davos_20240119,94,0.9990241082556091,3,321757,321443,39186,1.0,1.0
davos_20240119,95,0.9978135249101984,3,6403,6389,351133,1.0,1.0
davos_20240119,99,0.9996936728623801,2,202398,202336,413338,1.0,1.0
davos_20240119,3,0.9602391317311706,2,201228,193227,10764,,1.0
davos_20240119,12,0.0,2,731,0,10013,,1.0
davos_20240119,37,0.988881446751507,1,29860,29528,0,,1.0
davos_20240119,42,0.999515570934256,3,14450,14443,63,,1.0
davos_20240119,52,0.9546324132276578,2,10977,10479,124920,,1.0
davos_20240119,71,1.0,4,138,138,0,,1.0
davos_20240119,72,0.01873536299765808,6,2135,40,0,,1.0
davos_20240119,73,0.0,7,15072,0,15014,,1.0
davos_20240119,74,0.9569583931133429,5,4879,4669,242,,1.0
davos_20240119,75,0.9973050889947356,9,15956,15913,90,,1.0
davos_20240119,76,0.027777777777777776,16,504,14,0,,1.0
davos_20240119,77,0.028145695364238412,9,604,17,0,,1.0
davos_20240119,78,0.9071008691261856,6,55458,50306,5360,,1.0
davos_20240119,79,0.9995329285380663,3,29974,29960,325,,1.0
davos_20240119,81,1.0,3,176,176,1,,1.0
davos_20240119,83,0.9673567058717295,2,44297,42851,1579,,1.0
davos_20240119,87,0.9995493650143383,2,24410,24399,1367,,1.0
davos_20240119,88,0.9064071725344413,3,4573,4145,98,,1.0
davos_20240119,89,0.663694387084663,4,10654,7071,471,,1.0
davos_20240119,92,0.9618488628026413,2,2726,2622,1146,,1.0
davos_20240119,93,0.9661936650804246,2,46441,44871,1577,,1.0
davos_20240119,97,0.9593616552055976,2,49879,47852,2150,,1.0
